{"stat.chestOpened":1,"stat.walkOneCm":45575,"stat.useItem.minecraft.chest":1,"stat.pickup.minecraft.stick":7,"stat.pickup.minecraft.wooden_axe":1,"stat.leaveGame":1,"stat.pickup.minecraft.log":6,"stat.jump":153,"stat.fallOneCm":2802,"stat.useItem.minecraft.planks":27,"stat.pickup.minecraft.beef":13,"stat.mineBlock.minecraft.chest":1,"stat.pickup.minecraft.sapling":3,"stat.useItem.minecraft.dirt":2,"stat.pickup.minecraft.dirt":2,"stat.sprintOneCm":12098,"stat.craftingTableInteraction":2,"stat.pickup.minecraft.rotten_flesh":2,"stat.craftItem.minecraft.planks":24,"stat.craftItem.minecraft.stone_axe":1,"stat.pickup.minecraft.wooden_pickaxe":1,"stat.pickup.minecraft.leather":6,"stat.damageTaken":40,"stat.pickup.minecraft.bread":3,"stat.mineBlock.minecraft.torch":3,"stat.craftItem.minecraft.stone_pickaxe":1,"stat.useItem.minecraft.wooden_pickaxe":9,"stat.pickup.minecraft.cobblestone":9,"stat.mobKills":12,"stat.mineBlock.minecraft.log":5,"stat.pickup.minecraft.planks":7,"stat.craftItem.minecraft.stone_sword":1,"stat.flyOneCm":8292,"stat.mineBlock.minecraft.planks":4,"stat.pickup.minecraft.wheat_seeds":1,"stat.mineBlock.minecraft.leaves":4,"stat.playOneMinute":8700,"stat.pickup.minecraft.fish":1,"stat.pickup.minecraft.torch":3,"stat.killEntity.Sheep":4,"stat.useItem.minecraft.stone_sword":32,"stat.pickup.minecraft.wool":4,"stat.damageDealt":1109,"stat.killEntity.Zombie":1,"stat.timeSinceDeath":8700,"stat.useItem.minecraft.wooden_axe":9,"stat.killEntity.Cow":7,"stat.mineBlock.minecraft.dirt":2,"stat.mineBlock.minecraft.stone":9,"stat.pickup.minecraft.mutton":7,"stat.pickup.minecraft.chest":1}