{"stat.craftItem.minecraft.stone_shovel":1,"stat.craftItem.minecraft.furnace":1,"stat.walkOneCm":21411,"stat.craftItem.minecraft.planks":20,"stat.leaveGame":1,"stat.craftItem.minecraft.crafting_table":1,"stat.craftItem.minecraft.stone_pickaxe":1,"stat.useItem.minecraft.wooden_pickaxe":20,"stat.pickup.minecraft.cobblestone":16,"stat.mineBlock.minecraft.log":5,"stat.pickup.minecraft.log":5,"stat.flyOneCm":106,"stat.jump":63,"stat.mineBlock.minecraft.leaves":2,"stat.playOneMinute":9895,"stat.fallOneCm":687,"stat.timeSinceDeath":9895,"stat.pickup.minecraft.dirt":8,"stat.useItem.minecraft.crafting_table":1,"stat.mineBlock.minecraft.dirt":8,"stat.craftItem.minecraft.wooden_pickaxe":1,"stat.mineBlock.minecraft.stone":16,"stat.mineBlock.minecraft.tallgrass":3,"stat.craftItem.minecraft.stick":8,"stat.craftingTableInteraction":3}